{
  "format_version": "1.13.0",
  "minecraft:feature_rules": {
    "description": {
      "identifier": "minecraft:lush_caves_overworld_underground_copper_ore_feature",
      "places_feature": "minecraft:lush_caves_copper_ore_feature"
    },
    "conditions": {
      "placement_pass": "underground_pass",
      "minecraft:biome_filter": {
        "test": "has_biome_tag",
        "operator": "!=",
        "value": "lush_caves"
      }
    },
    "distribution": {
      "iterations": 8,
      "coordinate_eval_order": "zyx",
      "x": {
        "distribution": "uniform",
        "extent": [ 0, 16 ]
      },
      "y": {
        "distribution": "uniform",
        "extent": [ 0, 64 ]
      },
      "z": {
        "distribution": "uniform",
        "extent": [ 0, 16 ]
      }
    }
  }
}
