{
  "format_version": "1.13.0",
  "minecraft:feature_rules": {
    "description": {
      "identifier": "minecraft:mountain_grove_spruce_tree_feature",
      "places_feature": "minecraft:mountain_spruce_tree_feature"
    },
    "conditions": {
      "placement_pass": "surface_pass",
      "minecraft:biome_filter": [
        {
          "test": "has_biome_tag",
          "operator": "==",
          "value": "mountain_grove"
        }
      ]
    },
    "distribution": {
      "iterations": 16,
      "x": {
        "distribution": "uniform",
        "extent": [ 0, 16 ]
      },
      "y": "query.above_top_solid(variable.worldx, variable.worldz)",
      "z": {
        "distribution": "uniform",
        "extent": [ 0, 16 ]
      }
    }
  }
}

