{
  "format_version": "1.13.0",
  "minecraft:biome": {
    "description": {
      "identifier": "mountain_meadow"
    },
    "components": {
      "minecraft:climate": {
        "downfall": 0.8,
        "temperature": 0.3
      },
      "minecraft:surface_parameters": {
        "sea_floor_depth": 7,
        "sea_floor_material": "minecraft:gravel",
        "foundation_material": "minecraft:stone",
        "mid_material": "minecraft:dirt",
        "top_material": "minecraft:grass",
        "sea_material": "minecraft:stone"
      },
      "minecraft:mountain_parameters": {
        "top_slide": {
          "enabled": false
        }
      },
      "mountains": {},
      "monster": {},
      "overworld": {},
      "mountain_meadow": {},
      "bee_habitat": {}
    }
  }
}
